coin,annualized_return,avg_volatility
BTC,76.66609144234909,42.81659431176627
ETH,88.64375488657875,74.60385244237916
MATIC,-8.003771321785958,86.52695536484678
SOL,81.55235162481486,83.91087498770257
