protocol,growth_30d
Uniswap,11.21952597945992
Compound,10.058216041602277
Lido,9.507217023051618
Aave,5.620810286292391
Curve,-0.09654276043832637
