protocol,Aave,Compound,Curve,Lido,Uniswap
Aave,1.0,0.6254803359624671,0.6090110828977483,0.5680088324123094,0.5843797361627732
Compound,0.6254803359624671,1.0,0.6509886606066155,0.6036450347892885,0.6329188724170706
Curve,0.6090110828977483,0.6509886606066155,1.0,0.560396105403861,0.6663580604270805
Lido,0.5680088324123094,0.6036450347892885,0.560396105403861,1.0,0.5655672263820581
Uniswap,0.5843797361627732,0.6329188724170706,0.6663580604270805,0.5655672263820581,1.0
